id,name,description
1,"Sauce - Bernaise, Mix",Computers
2,Syrup - Kahlua Chocolate,Toys
3,Pie Filling - Pumpkin,Music
4,Wine - Fontanafredda Barolo,Industrial
5,Juice - Ocean Spray Cranberry,Outdoors
6,Silicone Parch. 16.3x24.3,Music
7,"Leeks - Baby, White",Music
8,Currants,Automotive
9,Tea - Lemon Scented,Games
10,"Bread - White, Unsliced",Sports
11,Syrup - Kahlua Chocolate,Home
12,Wine - Gato Negro Cabernet,Toys
13,Browning Caramel Glace,Garden
14,Ostrich - Prime Cut,Jewelery
15,Horseradish - Prepared,Clothing
16,Pineapple - Golden,Garden
17,Beer - Upper Canada Lager,Tools
18,"Juice - Grape, White",Clothing
19,Creme De Menthe Green,Grocery
20,Chicken - Whole,Music
21,Mountain Dew,Industrial
22,Oil - Shortening - All - Purpose,Toys
23,Olives - Kalamata,Sports
24,Lime Cordial - Roses,Music
25,"Soup - Knorr, Veg / Beef",Movies
26,The Pop Shoppe Pinapple,Health
27,Mousse - Mango,Computers
28,Truffle Cups - White Paper,Games
29,V8 - Vegetable Cocktail,Sports
30,Oats Large Flake,Books
31,"Mushroom - Chanterelle, Dry",Toys
32,"Rum - Coconut, Malibu",Home
33,Tofu - Soft,Industrial
34,Soup - French Onion,Books
35,Wine - Dubouef Macon - Villages,Tools
36,Muffin - Mix - Creme Brule 15l,Grocery
37,Jam - Raspberry,Outdoors
38,Spice - Paprika,Garden
39,"Soup - Clam Chowder, Dry Mix",Industrial
40,Onions - Red Pearl,Electronics
41,Muffin Batt - Carrot Spice,Home
42,Dip - Tapenade,Sports
43,"Quail - Eggs, Fresh",Electronics
44,Plums - Red,Shoes
45,Sea Urchin,Electronics
46,Wine - Jafflin Bourgongone,Books
47,Beef - Ground Lean Fresh,Jewelery
48,Cake - Cake Sheet Macaroon,Baby
49,"Ham - Smoked, Bone - In",Books
50,"Thyme - Lemon, Fresh",Shoes
51,"Pepper - Black, Ground",Beauty
52,Baking Powder,Health
53,Wine - Black Tower Qr,Home
54,Bowl 12 Oz - Showcase 92012,Automotive
55,Cheese - Bakers Cream Cheese,Toys
56,Ecolab Digiclean Mild Fm,Outdoors
57,Tea - Orange Pekoe,Computers
58,Arizona - Green Tea,Clothing
59,Wheat - Soft Kernal Of Wheat,Movies
60,Muffin Mix - Lemon Cranberry,Toys
61,Bread - French Baquette,Industrial
62,Beef Ground Medium,Garden
63,Blueberries,Garden
64,Foil - 4oz Custard Cup,Outdoors
65,Yucca,Toys
66,Raspberries - Fresh,Tools
67,Pickerel - Fillets,Sports
68,Muffins - Assorted,Industrial
69,Sour Cream,Games
70,Veal - Knuckle,Music
71,Halibut - Fletches,Beauty
72,Soup - Campbells Tomato Ravioli,Tools
73,Miso - Soy Bean Paste,Grocery
74,Fennel - Seeds,Games
75,Myers Planters Punch,Toys
76,Pork - Smoked Kassler,Electronics
77,Cup Translucent 9 Oz,Clothing
78,Chocolate - Sugar Free Semi Choc,Grocery
79,Cocoa Powder - Natural,Sports
80,Cabbage - Savoy,Electronics
81,Puree - Kiwi,Movies
82,"Pail - 4l White, With Handle",Movies
83,Country Roll,Games
84,Flower - Carnations,Tools
85,Wine - Fume Blanc Fetzer,Baby
86,Bread - Raisin,Automotive
87,Cactus Pads,Clothing
88,Sauce - Rosee,Sports
89,Sesame Seed,Baby
90,Rice - Wild,Tools
91,Towels - Paper / Kraft,Toys
92,"Wine - Niagara,vqa Reisling",Computers
93,Sweet Pea Sprouts,Garden
94,Oil - Olive,Beauty
95,"Beef - Rib Roast, Capless",Music
96,Milk - Homo,Tools
97,Pork - Suckling Pig,Kids
98,"Soup - Campbells, Classic Chix",Garden
99,Radish - Pickled,Garden
100,Tomatoes - Heirloom,Games
